{
    "loss": 2.790538787841797,
    "accuracy": 0.5588235259056091
}