{
    "loss": 32.845672607421875,
    "accuracy": 0.4313725531101227
}